year_month,income,expense,cat_entertainment,cat_food_drink,cat_health_fitness,cat_rent,cat_salary,cat_shopping,cat_travel,cat_utilities,savings,expense_ratio,savings_rate,previous_expense,previous_income,rolling_3m_expense,rolling_3m_income,expense_growth,target_expense
2020-02,20070.0,17108.41,3199.5200000000004,1829.57,766.81,1222.17,294.31,1499.79,7272.28,1023.96,2961.59,0.8524369706028899,0.14756302939711013,17138.25,5578.0,17138.25,5578.0,-0.0017411345955735738,13581.81
2020-03,3465.0,13581.81,1887.0500000000002,1353.18,881.82,6241.21,0.0,1929.08,486.51,802.96,-10116.81,3.9197142857142855,-2.9197142857142855,17108.41,20070.0,17123.33,12824.0,-0.2061325393732483,16233.05
2020-04,7370.0,16233.05,3821.84,1938.3,1603.18,0.0,2222.6,388.92,3195.04,3063.17,-8863.05,2.202584803256445,-1.202584803256445,13581.81,3465.0,15942.823333333334,9704.333333333334,0.19520520446449685,16846.13
2020-05,6008.0,16846.13,0.0,2501.62,2893.98,3822.55,318.05,1318.17,4288.25,1703.51,-10838.130000000001,2.8039497336884156,-1.8039497336884156,16233.05,7370.0,15641.089999999998,10301.666666666666,0.03776739427417077,20680.72
2020-06,12346.0,20680.72,4092.44,426.29999999999995,4901.3099999999995,1547.8,1107.84,2611.1800000000003,990.97,5002.88,-8334.720000000001,1.6750947675360441,-0.6750947675360441,16846.13,6008.0,15553.663333333336,5614.333333333333,0.22762438599985613,24026.27
2020-07,6092.0,24026.27,4853.639999999999,1786.39,3031.75,3919.73,109.93,2158.3599999999997,5355.49,2810.9799999999996,-17934.27,3.9439051214707814,-2.9439051214707814,20680.72,12346.0,17919.96666666667,8574.666666666666,0.1617714469507002,31386.8
2020-08,14941.0,31386.8,2473.45,5614.45,2812.6499999999996,2853.7200000000003,1409.98,6623.78,6221.360000000001,3377.41,-16445.8,2.1007161501907503,-1.1007161501907503,24026.27,6092.0,20517.70666666667,8148.666666666667,0.30635342052413733,21515.15
2020-09,1385.0,21515.15,393.15,2596.78,214.32999999999998,5778.35,5906.79,799.34,4846.1900000000005,980.22,-20130.15,15.534404332129965,-14.534404332129965,31386.8,14941.0,25364.596666666668,11126.333333333334,-0.3145159747682095,22162.99
2020-10,12897.0,22162.99,2709.63,512.43,710.1,6446.6900000000005,3825.62,1834.28,4522.66,1601.58,-9265.990000000002,1.7184608823757463,-0.7184608823757465,21515.15,1385.0,25642.74,7472.666666666667,0.03011087534592561,26735.16
2020-11,8369.0,26735.16,4668.52,5533.71,240.68,128.68,4325.76,2262.87,5142.82,4432.12,-18366.16,3.1945465408053533,-2.1945465408053533,22162.99,12897.0,25021.646666666667,9741.0,0.20629752564690157,28358.12
2020-12,3745.0,28358.12,1961.74,2090.83,0.0,2597.93,4878.16,7110.52,6834.92,2884.02,-24613.12,7.57226168224299,-6.57226168224299,26735.16,8369.0,23471.100000000002,7550.333333333333,0.06070507898187063,15817.11
2021-01,13564.0,15817.11,1067.02,2548.4300000000003,2979.62,0.0,518.1,2264.36,4531.31,1908.27,-2253.1100000000006,1.1661095547036273,-0.1661095547036273,28358.12,3745.0,25752.09,8337.0,-0.442237002861178,19925.23
2021-02,804.0,19925.23,0.0,1242.9,4299.46,1564.56,2176.17,6305.69,3553.04,783.41,-19121.23,24.782624378109453,-23.782624378109453,15817.11,13564.0,23636.796666666665,8559.333333333334,0.25972633416614893,26223.24
2021-03,30466.0,26223.24,5568.39,2107.84,4694.9,5685.13,299.85,2213.15,1834.3899999999999,3819.59,4242.759999999998,0.8607378717258584,0.1392621282741416,19925.23,804.0,21366.820000000003,6037.666666666667,0.3160821730458911,23097.71
2021-04,1168.0,23097.71,1114.48,1831.3000000000002,2839.02,4027.5499999999997,1058.6,5399.77,3555.2799999999997,3271.71,-21929.71,19.775436643835615,-18.775436643835615,26223.24,30466.0,20655.193333333336,14944.666666666666,-0.11918931447098487,23780.78
2021-05,5283.0,23780.78,2532.36,1783.0500000000002,3539.19,5961.44,3548.43,1421.9,1757.39,3237.02,-18497.78,4.501378004921446,-3.501378004921446,23097.71,1168.0,23082.059999999998,10812.666666666666,0.029573061559101277,22137.63
2021-06,5599.0,22137.63,1150.87,3735.41,3639.4700000000003,3608.04,1982.06,1665.5100000000002,0.0,6356.2699999999995,-16538.63,3.9538542596892303,-2.9538542596892303,23780.78,5283.0,24367.243333333336,12305.666666666666,-0.06909571508205538,19122.37
2021-07,12726.0,19122.37,2717.95,0.0,0.0,3730.75,5450.17,1550.53,904.15,4768.82,-6396.369999999999,1.5026221907905075,-0.5026221907905075,22137.63,5599.0,23005.373333333333,4016.6666666666665,-0.13620518540774013,14574.03
2021-08,7445.0,14574.03,2352.08,4474.030000000001,2049.05,0.0,1930.19,2345.02,1288.09,135.57,-7129.030000000001,1.9575594358629953,-0.9575594358629954,19122.37,12726.0,21680.260000000002,7869.333333333333,-0.2378544080896591,17084.760000000002
2021-09,16445.0,17084.760000000002,0.0,1373.47,1781.35,3661.1,1918.8000000000002,2173.86,2111.01,4065.17,-639.760000000002,1.0389030100334449,-0.03890301003344494,14574.03,7445.0,18611.343333333334,8590.0,0.1722742438623537,12559.57
2021-10,13511.0,12559.57,1582.84,0.0,1339.0,3135.26,1901.48,0.0,1783.75,2817.24,951.4300000000003,0.9295810820812671,0.0704189179187329,17084.760000000002,16445.0,16927.053333333333,12205.333333333334,-0.26486705094782315,14325.369999999999
2021-11,12905.0,14325.369999999999,698.59,171.63,3903.01,1010.12,934.24,1841.9299999999998,3595.92,2169.9300000000003,-1420.369999999999,1.1100635412630762,-0.11006354126307624,12559.57,13511.0,14739.453333333333,12467.0,0.14059398519169522,9996.66
2021-12,30482.0,9996.66,0.0,0.0,2598.07,1044.8700000000001,2568.47,504.06,1652.37,1628.82,20485.34,0.32795289023029983,0.6720471097697002,14325.369999999999,12905.0,14656.566666666668,14287.0,-0.30217090357724025,20832.61
2022-01,10946.0,20832.61,3376.84,4504.78,2329.64,0.0,4210.77,2110.01,2415.56,1885.01,-9886.61,1.9032167001644438,-0.9032167001644437,9996.66,30482.0,12293.866666666669,18966.0,1.0839570405675927,20042.69
2022-02,19899.0,20042.69,1772.0,3644.12,1909.67,2064.83,1601.03,3370.6,5453.08,227.36,-143.6899999999987,1.0072209658776823,-0.00722096587768223,20832.61,10946.0,15051.546666666667,18111.0,-0.037917476476582966,27736.19
2022-03,20747.0,27736.19,4495.27,4474.02,1002.9499999999999,1863.42,6426.04,3091.11,4605.0199999999995,1778.3600000000001,-6989.189999999999,1.3368771388634502,-0.33687713886345005,20042.69,19899.0,16957.320000000003,20442.333333333332,0.38385565990201137,21445.01
2022-04,10218.0,21445.01,1633.41,4659.44,1959.3000000000002,0.0,3090.8,3807.0699999999997,0.0,6294.99,-11227.009999999998,2.0987482873360737,-1.0987482873360734,27736.19,20747.0,22870.496666666662,17197.333333333332,-0.22682206884693895,31344.05
2022-05,12317.0,31344.05,7947.1,2292.74,2106.02,4417.43,5699.93,5346.29,767.52,2767.02,-19027.05,2.544779572947958,-1.544779572947958,21445.01,10218.0,23074.63,16954.666666666668,0.46160109020158957,25557.78
2022-06,11304.0,25557.78,2948.48,6618.52,2460.98,6829.400000000001,1993.13,2907.64,1799.63,0.0,-14253.779999999999,2.2609501061571122,-1.2609501061571124,31344.05,12317.0,26841.75,14427.333333333334,-0.1846050525746976,19190.82
2022-07,11355.0,19190.82,4433.07,795.17,773.85,3681.67,726.24,4572.31,2542.88,1665.63,-7835.82,1.6900766182298546,-0.6900766182298547,25557.78,11304.0,26115.61333333333,11279.666666666666,-0.24912022865478917,24246.0
2022-08,14408.0,24246.0,3931.39,1906.48,3391.6499999999996,2771.03,3127.52,7076.74,0.0,2041.19,-9838.0,1.6828151027207108,-0.6828151027207107,19190.82,11355.0,25364.216666666664,11658.666666666666,0.2634165709107706,18901.86
2022-09,20023.0,18901.86,1951.67,1412.42,854.1300000000001,4013.62,1531.54,2136.89,1838.18,5163.41,1121.1399999999994,0.9440073914997753,0.055992608500224715,24246.0,14408.0,22998.2,12355.666666666666,-0.2204132639526465,16412.3
2022-10,7195.0,16412.3,1030.1000000000001,1732.39,3881.4,2358.37,5958.2300000000005,340.3,457.44,654.07,-9217.3,2.2810701876302986,-1.2810701876302988,18901.86,20023.0,20779.56,15262.0,-0.1317097893372876,19550.74
2022-11,5295.0,19550.74,994.48,1840.5600000000002,2616.55,3826.96,1621.1200000000001,3265.85,3091.22,2294.0,-14255.740000000002,3.692302171860246,-2.692302171860246,16412.3,7195.0,19853.38666666667,13875.333333333334,0.19122487391089327,11516.3
2022-12,4019.0,11516.3,864.17,0.0,0.0,5530.4,28.48,0.0,195.75,4897.5,-7497.299999999999,2.8654640457825327,-1.8654640457825329,19550.74,5295.0,18288.3,10837.666666666666,-0.4109532424803598,28714.75
2023-01,25952.0,28714.75,5827.03,9083.72,323.05,4416.58,1909.36,3244.1,2321.25,1589.6599999999999,-2762.75,1.1064561498150431,-0.10645614981504316,11516.3,4019.0,15826.44666666667,5503.0,1.4934006569007403,16870.03
2023-02,17267.0,16870.03,1777.23,8451.4,2659.59,1015.8,0.0,456.79,2143.09,366.13,396.97000000000116,0.9770099032837203,0.022990096716279676,28714.75,25952.0,19927.263333333336,11755.333333333334,-0.41249601671179587,16720.78
2023-03,26117.0,16720.78,280.86,437.89,3639.14,2794.59,3015.71,4261.2,932.06,1359.33,9396.220000000001,0.6402259064976834,0.35977409350231654,16870.03,17267.0,19033.693333333333,15746.0,-0.008847050059278466,16726.65
2023-04,4306.0,16726.65,2940.23,3509.37,6155.64,0.0,1088.83,1264.23,1198.6399999999999,569.71,-12420.650000000001,3.8844983743613564,-2.8844983743613564,16720.78,26117.0,20768.52,23112.0,0.00035106017760487356,18021.87
2023-05,20322.0,18021.87,3006.01,1042.49,3556.08,1927.23,0.0,4082.25,263.42,4144.39,2300.130000000001,0.8868157661647476,0.11318423383525249,16726.65,4306.0,16772.486666666668,15896.666666666666,0.07743451314074559,20070.77
2023-06,7871.0,20070.77,824.47,3214.62,0.0,971.8499999999999,5507.92,5004.86,1683.07,2863.98,-12199.77,2.549964426375302,-1.5499644263753019,18021.87,20322.0,17156.433333333334,16915.0,0.11368964479618958,26122.96
2023-07,8101.0,26122.96,1675.58,2613.33,7045.78,4086.07,1258.9399999999998,2410.15,2516.59,4516.52,-18021.96,3.224658684113072,-2.224658684113072,20070.77,7871.0,18273.096666666668,10833.0,0.30154249174219894,17372.59
2023-08,8178.0,17372.59,1100.7,2684.06,1618.4699999999998,968.66,363.39,2447.6000000000004,8189.71,0.0,-9194.59,2.1243078992418685,-1.1243078992418685,26122.96,8101.0,21405.2,12098.0,-0.3349685486120376,25849.78
2023-09,7926.0,25849.78,2493.28,2484.4700000000003,528.51,2348.37,2109.01,2254.79,5806.99,7824.360000000001,-17923.78,3.261390360837749,-2.261390360837749,17372.59,8178.0,21188.773333333334,8050.0,0.48796351005350175,14541.210000000001
2023-10,16717.0,14541.210000000001,45.65,2557.76,4907.42,1099.09,1458.39,1682.29,1249.37,1541.24,2175.789999999999,0.8698456660884131,0.13015433391158696,25849.78,7926.0,23115.11,8068.333333333333,-0.4374725818024476,22832.52
2023-11,14240.0,22832.52,2117.24,1992.57,2831.7799999999997,5718.0199999999995,3883.14,886.97,2208.67,3194.13,-8592.52,1.6034073033707865,-0.6034073033707865,14541.210000000001,16717.0,19254.52666666667,10940.333333333334,0.5701939518305601,20654.329999999998
2023-12,3601.0,20654.329999999998,2137.25,3536.0,4354.53,2376.72,6162.6900000000005,305.82,1781.32,0.0,-17053.329999999998,5.735720633157456,-4.735720633157456,22832.52,14240.0,21074.503333333338,12961.0,-0.09539858057919216,29916.13
2024-01,22974.0,29916.13,5456.07,1774.01,3863.41,1647.6699999999998,3019.2799999999997,1351.74,6513.55,6290.4,-6942.130000000001,1.3021733263689388,-0.30217332636893884,20654.329999999998,3601.0,19342.686666666672,11519.333333333334,0.4484192900721452,23807.3
2024-02,12637.0,23807.3,7197.09,1787.8899999999999,5037.45,1865.2799999999997,3654.9700000000003,0.0,3337.44,927.1800000000001,-11170.3,1.8839360607739177,-0.8839360607739178,29916.13,22974.0,24467.660000000003,13605.0,-0.20419853764367304,16436.43
2024-03,6840.0,16436.43,4201.53,4584.88,1033.48,419.1,2130.4,1296.66,1217.07,1553.31,-9596.43,2.402986842105263,-1.4029868421052631,23807.3,12637.0,24792.58666666667,13070.666666666666,-0.3096054570196513,15443.17
2024-04,22782.0,15443.17,2278.76,0.0,1983.15,1564.52,1903.56,0.0,7108.02,605.16,7338.83,0.6778671758405759,0.3221328241594241,16436.43,6840.0,23386.62,14150.333333333334,-0.06043039756173915,15822.56
2024-05,4296.0,15822.56,3646.11,3057.06,872.75,3667.62,1311.28,0.0,276.42,2991.3199999999997,-11526.56,3.683091247672253,-2.683091247672253,15443.17,22782.0,18562.300000000003,14086.333333333334,0.02456684733473315,22554.07
2024-06,13970.0,22554.07,1037.58,4549.58,2422.16,2363.77,3896.2799999999997,1257.39,3566.44,3460.87,-8584.07,1.6144645669291338,-0.6144645669291339,15822.56,4296.0,15900.720000000001,11306.0,0.42543747634678747,27716.08
2024-07,19354.0,27716.08,2719.79,6890.58,3977.95,1585.72,4314.35,5349.71,0.0,2877.98,-8362.080000000002,1.4320595225793118,-0.43205952257931185,22554.07,13970.0,17939.933333333334,13682.666666666666,0.22887266013235197,22933.69
2024-08,6655.0,22933.69,5093.52,4312.83,1187.6,1839.16,3792.1499999999996,4232.91,2475.52,0.0,-16278.689999999999,3.4460841472577006,-2.4460841472577006,27716.08,19354.0,22030.903333333335,12540.0,-0.1725492926227125,19383.94
2024-09,19948.0,19383.94,2674.54,3049.01,2724.02,1771.1799999999998,1879.91,2755.08,3492.63,1037.5700000000002,564.0600000000013,0.9717234810507318,0.02827651894926816,22933.69,6655.0,24401.280000000002,13326.333333333334,-0.15478320315885355,22984.21
2024-10,12974.0,22984.21,1157.94,1241.6,4453.31,1072.64,4178.35,2232.86,4452.56,4194.95,-10010.21,1.7715592723909357,-0.7715592723909357,19383.94,19948.0,23344.570000000003,15319.0,0.18573468542219249,23565.96
2024-11,24139.0,23565.96,1611.37,1441.13,1215.55,2946.1899999999996,5653.77,1847.25,7874.49,976.21,573.0400000000009,0.9762608227349932,0.02373917726500687,22984.21,12974.0,21767.28,13192.333333333334,0.025310854701853642,10938.92
